input_file,sample_index,y_pred,uncertainty_std,lower_95,upper_95
tac_finger_r_sensor1_10N.npz,0,10.142939910643728,0.7721475066874424,8.62953079753634,11.656349023751115
tac_finger_r_sensor1_10N.npz,1,10.382585357398922,0.8853915397079839,8.647217939571274,12.11795277522657
tac_finger_r_sensor1_10N.npz,2,9.929866820283431,0.7375834316545399,8.484203294240533,11.375530346326329
