input_file,sample_index,y_pred,uncertainty_std,lower_95,upper_95
tac_finger_r_sensor1_10N.npz,0,9.981731868954926,0.0819917775346366,9.821027984987039,10.142435752922813
tac_finger_r_sensor1_10N.npz,1,9.852649922414965,0.24408648512229725,9.374240411575263,10.331059433254667
tac_finger_r_sensor1_10N.npz,2,10.442136086797818,0.7780952073208288,8.917069480448994,11.967202693146643
