model,MAE,RMSE,R2,uncertainty_error_corr,coverage_95,avg_interval_width_95
Random Forest Regression with Tree Prediction Variance,0.22999999999999998,0.3468969587644146,0.9969032569360675,0.8360202784029089,1.0,2.572349582775302
