input_file,sample_index,y_pred,uncertainty_std,lower_95,upper_95
tac_finger_r_sensor1_10N.npz,0,10.2,1.2143918126978122,7.819792047112287,12.580207952887712
tac_finger_r_sensor1_10N.npz,1,9.37,2.355543643956924,4.753134457844428,13.98686554215557
tac_finger_r_sensor1_10N.npz,2,10.05,1.5067189585991205,7.096830841145724,13.003169158854277
